[{"model": "contenttypes.contenttype", "pk": 1, "fields": {"app_label": "admin", "model": "logentry"}}, {"model": "contenttypes.contenttype", "pk": 2, "fields": {"app_label": "auth", "model": "permission"}}, {"model": "contenttypes.contenttype", "pk": 3, "fields": {"app_label": "auth", "model": "group"}}, {"model": "contenttypes.contenttype", "pk": 4, "fields": {"app_label": "auth", "model": "user"}}, {"model": "contenttypes.contenttype", "pk": 5, "fields": {"app_label": "contenttypes", "model": "contenttype"}}, {"model": "contenttypes.contenttype", "pk": 6, "fields": {"app_label": "sessions", "model": "session"}}, {"model": "contenttypes.contenttype", "pk": 7, "fields": {"app_label": "Song", "model": "chord"}}, {"model": "contenttypes.contenttype", "pk": 8, "fields": {"app_label": "Song", "model": "chordindex"}}, {"model": "contenttypes.contenttype", "pk": 9, "fields": {"app_label": "Song", "model": "isfavourite"}}, {"model": "contenttypes.contenttype", "pk": 10, "fields": {"app_label": "Song", "model": "profile"}}, {"model": "contenttypes.contenttype", "pk": 11, "fields": {"app_label": "Song", "model": "song"}}, {"model": "contenttypes.contenttype", "pk": 12, "fields": {"app_label": "Song", "model": "alternatechordimage"}}, {"model": "contenttypes.contenttype", "pk": 13, "fields": {"app_label": "Song", "model": "comment"}}, {"model": "contenttypes.contenttype", "pk": 14, "fields": {"app_label": "Song", "model": "imageascomment"}}, {"model": "sessions.session", "pk": "0depxb1vzw9dkuyf5741j8bfjqad0nhi", "fields": {"session_data": "NTVkOTM5OTc5MmE4Y2FiY2JmM2Y1MDhmYWNlZDk0NmIzNzBhZGVhYjp7Il9hdXRoX3VzZXJfaWQiOiIxIiwiX2F1dGhfdXNlcl9iYWNrZW5kIjoiZGphbmdvLmNvbnRyaWIuYXV0aC5iYWNrZW5kcy5Nb2RlbEJhY2tlbmQiLCJfYXV0aF91c2VyX2hhc2giOiIxZmJiNmYwY2I2Mjk0MWJlZDAxMzllOTk1OTZiZDkzMWNiNzUxODAwIn0=", "expire_date": "2020-01-31T20:08:38.141Z"}}, {"model": "sessions.session", "pk": "14is3nq4a833tzi855bwursqsfa6pos1", "fields": {"session_data": "NTVkOTM5OTc5MmE4Y2FiY2JmM2Y1MDhmYWNlZDk0NmIzNzBhZGVhYjp7Il9hdXRoX3VzZXJfaWQiOiIxIiwiX2F1dGhfdXNlcl9iYWNrZW5kIjoiZGphbmdvLmNvbnRyaWIuYXV0aC5iYWNrZW5kcy5Nb2RlbEJhY2tlbmQiLCJfYXV0aF91c2VyX2hhc2giOiIxZmJiNmYwY2I2Mjk0MWJlZDAxMzllOTk1OTZiZDkzMWNiNzUxODAwIn0=", "expire_date": "2019-11-19T14:04:06.724Z"}}, {"model": "sessions.session", "pk": "4r8bpk16rfk5q85xqlodpbnskqotdg4q", "fields": {"session_data": "NTVkOTM5OTc5MmE4Y2FiY2JmM2Y1MDhmYWNlZDk0NmIzNzBhZGVhYjp7Il9hdXRoX3VzZXJfaWQiOiIxIiwiX2F1dGhfdXNlcl9iYWNrZW5kIjoiZGphbmdvLmNvbnRyaWIuYXV0aC5iYWNrZW5kcy5Nb2RlbEJhY2tlbmQiLCJfYXV0aF91c2VyX2hhc2giOiIxZmJiNmYwY2I2Mjk0MWJlZDAxMzllOTk1OTZiZDkzMWNiNzUxODAwIn0=", "expire_date": "2019-11-19T14:04:41.871Z"}}, {"model": "sessions.session", "pk": "5j6eq6ba9w74d9ny0fpicbq0x89il4kr", "fields": {"session_data": "NTVkOTM5OTc5MmE4Y2FiY2JmM2Y1MDhmYWNlZDk0NmIzNzBhZGVhYjp7Il9hdXRoX3VzZXJfaWQiOiIxIiwiX2F1dGhfdXNlcl9iYWNrZW5kIjoiZGphbmdvLmNvbnRyaWIuYXV0aC5iYWNrZW5kcy5Nb2RlbEJhY2tlbmQiLCJfYXV0aF91c2VyX2hhc2giOiIxZmJiNmYwY2I2Mjk0MWJlZDAxMzllOTk1OTZiZDkzMWNiNzUxODAwIn0=", "expire_date": "2019-11-22T12:02:42.169Z"}}, {"model": "sessions.session", "pk": "69oh1oucf3mxc4mtinteeroigrpjrmqf", "fields": {"session_data": "NTVkOTM5OTc5MmE4Y2FiY2JmM2Y1MDhmYWNlZDk0NmIzNzBhZGVhYjp7Il9hdXRoX3VzZXJfaWQiOiIxIiwiX2F1dGhfdXNlcl9iYWNrZW5kIjoiZGphbmdvLmNvbnRyaWIuYXV0aC5iYWNrZW5kcy5Nb2RlbEJhY2tlbmQiLCJfYXV0aF91c2VyX2hhc2giOiIxZmJiNmYwY2I2Mjk0MWJlZDAxMzllOTk1OTZiZDkzMWNiNzUxODAwIn0=", "expire_date": "2019-07-21T09:42:57.903Z"}}, {"model": "sessions.session", "pk": "968i7807nt5xxq7v0q4g8909l91nrpgk", "fields": {"session_data": "NTVkOTM5OTc5MmE4Y2FiY2JmM2Y1MDhmYWNlZDk0NmIzNzBhZGVhYjp7Il9hdXRoX3VzZXJfaWQiOiIxIiwiX2F1dGhfdXNlcl9iYWNrZW5kIjoiZGphbmdvLmNvbnRyaWIuYXV0aC5iYWNrZW5kcy5Nb2RlbEJhY2tlbmQiLCJfYXV0aF91c2VyX2hhc2giOiIxZmJiNmYwY2I2Mjk0MWJlZDAxMzllOTk1OTZiZDkzMWNiNzUxODAwIn0=", "expire_date": "2019-07-04T20:34:01.915Z"}}, {"model": "sessions.session", "pk": "dl8eo4gkq29h7e25ul0kgeyg4zo9mr0c", "fields": {"session_data": "NTVkOTM5OTc5MmE4Y2FiY2JmM2Y1MDhmYWNlZDk0NmIzNzBhZGVhYjp7Il9hdXRoX3VzZXJfaWQiOiIxIiwiX2F1dGhfdXNlcl9iYWNrZW5kIjoiZGphbmdvLmNvbnRyaWIuYXV0aC5iYWNrZW5kcy5Nb2RlbEJhY2tlbmQiLCJfYXV0aF91c2VyX2hhc2giOiIxZmJiNmYwY2I2Mjk0MWJlZDAxMzllOTk1OTZiZDkzMWNiNzUxODAwIn0=", "expire_date": "2019-11-19T14:02:02.242Z"}}, {"model": "sessions.session", "pk": "hdmgjh6tet12oc1wqik2bboy1nn8lyps", "fields": {"session_data": "NTVkOTM5OTc5MmE4Y2FiY2JmM2Y1MDhmYWNlZDk0NmIzNzBhZGVhYjp7Il9hdXRoX3VzZXJfaWQiOiIxIiwiX2F1dGhfdXNlcl9iYWNrZW5kIjoiZGphbmdvLmNvbnRyaWIuYXV0aC5iYWNrZW5kcy5Nb2RlbEJhY2tlbmQiLCJfYXV0aF91c2VyX2hhc2giOiIxZmJiNmYwY2I2Mjk0MWJlZDAxMzllOTk1OTZiZDkzMWNiNzUxODAwIn0=", "expire_date": "2019-12-18T15:04:26.987Z"}}, {"model": "sessions.session", "pk": "ixld37ozoptkjsk8xnnf9hlygc4yfp2c", "fields": {"session_data": "NTVkOTM5OTc5MmE4Y2FiY2JmM2Y1MDhmYWNlZDk0NmIzNzBhZGVhYjp7Il9hdXRoX3VzZXJfaWQiOiIxIiwiX2F1dGhfdXNlcl9iYWNrZW5kIjoiZGphbmdvLmNvbnRyaWIuYXV0aC5iYWNrZW5kcy5Nb2RlbEJhY2tlbmQiLCJfYXV0aF91c2VyX2hhc2giOiIxZmJiNmYwY2I2Mjk0MWJlZDAxMzllOTk1OTZiZDkzMWNiNzUxODAwIn0=", "expire_date": "2019-11-19T14:01:10.600Z"}}, {"model": "sessions.session", "pk": "udcdtyes4l23y6y2duxkxrm85653j2az", "fields": {"session_data": "NTVkOTM5OTc5MmE4Y2FiY2JmM2Y1MDhmYWNlZDk0NmIzNzBhZGVhYjp7Il9hdXRoX3VzZXJfaWQiOiIxIiwiX2F1dGhfdXNlcl9iYWNrZW5kIjoiZGphbmdvLmNvbnRyaWIuYXV0aC5iYWNrZW5kcy5Nb2RlbEJhY2tlbmQiLCJfYXV0aF91c2VyX2hhc2giOiIxZmJiNmYwY2I2Mjk0MWJlZDAxMzllOTk1OTZiZDkzMWNiNzUxODAwIn0=", "expire_date": "2019-10-26T11:04:02.843Z"}}, {"model": "sessions.session", "pk": "vpq9kwd3zxms6afw2qx4kc8cakgn2ra3", "fields": {"session_data": "NTVkOTM5OTc5MmE4Y2FiY2JmM2Y1MDhmYWNlZDk0NmIzNzBhZGVhYjp7Il9hdXRoX3VzZXJfaWQiOiIxIiwiX2F1dGhfdXNlcl9iYWNrZW5kIjoiZGphbmdvLmNvbnRyaWIuYXV0aC5iYWNrZW5kcy5Nb2RlbEJhY2tlbmQiLCJfYXV0aF91c2VyX2hhc2giOiIxZmJiNmYwY2I2Mjk0MWJlZDAxMzllOTk1OTZiZDkzMWNiNzUxODAwIn0=", "expire_date": "2020-01-07T09:36:28.950Z"}}, {"model": "sessions.session", "pk": "z16kogk2yusgbw5j697dl0l09lxzklkc", "fields": {"session_data": "NTVkOTM5OTc5MmE4Y2FiY2JmM2Y1MDhmYWNlZDk0NmIzNzBhZGVhYjp7Il9hdXRoX3VzZXJfaWQiOiIxIiwiX2F1dGhfdXNlcl9iYWNrZW5kIjoiZGphbmdvLmNvbnRyaWIuYXV0aC5iYWNrZW5kcy5Nb2RlbEJhY2tlbmQiLCJfYXV0aF91c2VyX2hhc2giOiIxZmJiNmYwY2I2Mjk0MWJlZDAxMzllOTk1OTZiZDkzMWNiNzUxODAwIn0=", "expire_date": "2019-12-10T11:38:20.289Z"}}, {"model": "Song.song", "pk": 8, "fields": {"type": "KI", "title": "Tiljala Rooftop", "capo": null, "description": "", "uploader": 1, "written_by": "", "song_text": "", "audio_file": "songs/03_Tiljala_rooftop.mp3", "upload_date": "2019-05-21", "edit_date": "2019-05-21"}}, {"model": "Song.song", "pk": 9, "fields": {"type": "KI", "title": "Blue", "capo": null, "description": "", "uploader": 2, "written_by": "", "song_text": "", "audio_file": "songs/01_Blue.m4a", "upload_date": "2019-05-21", "edit_date": "2019-05-21"}}, {"model": "Song.song", "pk": 10, "fields": {"type": "KI", "title": "Diipavali", "capo": null, "description": "", "uploader": 1, "written_by": "", "song_text": "", "audio_file": "songs/DIpavali-Kiirtan.mp3", "upload_date": "2019-05-21", "edit_date": "2019-05-21"}}, {"model": "Song.song", "pk": 11, "fields": {"type": "BH", "title": "Las Abejas", "capo": null, "description": "", "uploader": 3, "written_by": "", "song_text": "", "audio_file": "songs/Cuando_las_Abejas.mp3", "upload_date": "2019-05-21", "edit_date": "2019-05-21"}}, {"model": "Song.song", "pk": 12, "fields": {"type": "KI", "title": "Love!", "capo": null, "description": "", "uploader": 6, "written_by": "", "song_text": "", "audio_file": "songs/Jyoshna_-_Baba_Nam_Kevalam.mp3", "upload_date": "2019-05-21", "edit_date": "2019-05-21"}}, {"model": "Song.song", "pk": 13, "fields": {"type": "BH", "title": "Sri Sri Anandamurtiji", "capo": null, "description": "", "uploader": 5, "written_by": "", "song_text": "", "audio_file": "songs/06_Sri_Sri_Anandamurtiji.mp3", "upload_date": "2019-05-21", "edit_date": "2019-05-21"}}, {"model": "Song.song", "pk": 14, "fields": {"type": "BH", "title": "Baba Oh Baba!", "capo": null, "description": "", "uploader": 7, "written_by": "", "song_text": "", "audio_file": "songs/12_Baba_Oh_Baba.mp3", "upload_date": "2019-05-21", "edit_date": "2019-05-21"}}, {"model": "Song.song", "pk": 15, "fields": {"type": "KI", "title": "Rahr II", "capo": null, "description": "", "uploader": 6, "written_by": "", "song_text": "", "audio_file": "songs/05_Rarh_II_And_Moonlight_Kirtan.mp3", "upload_date": "2019-05-21", "edit_date": "2019-05-21"}}, {"model": "Song.song", "pk": 16, "fields": {"type": "PS", "title": "Sakal Moner", "capo": null, "description": "", "uploader": 3, "written_by": "", "song_text": "", "audio_file": "songs/04_Sakal_maner_vina.m4a", "upload_date": "2019-05-21", "edit_date": "2019-05-21"}}, {"model": "Song.song", "pk": 17, "fields": {"type": "PS", "title": "Tiny Green Island", "capo": null, "description": "", "uploader": 1, "written_by": "", "song_text": "", "audio_file": "songs/Tiny_green_island.mp3", "upload_date": "2019-05-21", "edit_date": "2019-05-21"}}, {"model": "Song.song", "pk": 18, "fields": {"type": "KI", "title": "A song", "capo": null, "description": "", "uploader": 1, "written_by": "", "song_text": "", "audio_file": "songs/01_AudioTrack_01.mp3", "upload_date": "2019-11-22", "edit_date": "2019-11-22"}}, {"model": "Song.song", "pk": 19, "fields": {"type": "KI", "title": "A Kiirtan", "capo": null, "description": "", "uploader": 1, "written_by": "", "song_text": "", "audio_file": "songs/01_AudioTrack_01_XIPXhu6.mp3", "upload_date": "2019-11-22", "edit_date": "2019-11-22"}}, {"model": "Song.song", "pk": 20, "fields": {"type": "KI", "title": "Kiirtana", "capo": null, "description": "", "uploader": 1, "written_by": "", "song_text": "", "audio_file": "songs/03_AudioTrack_03.mp3", "upload_date": "2019-11-22", "edit_date": "2019-11-22"}}, {"model": "Song.song", "pk": 21, "fields": {"type": "KI", "title": "Kiirtan1", "capo": null, "description": "", "uploader": 1, "written_by": "", "song_text": "", "audio_file": "songs/02_AudioTrack_02.mp3", "upload_date": "2019-12-24", "edit_date": "2019-12-24"}}, {"model": "Song.isfavourite", "pk": 1211, "fields": {"song": 15, "profile": 1, "is_favorite": true}}, {"model": "Song.isfavourite", "pk": 1246, "fields": {"song": 17, "profile": 1, "is_favorite": true}}, {"model": "Song.isfavourite", "pk": 1250, "fields": {"song": 16, "profile": 1, "is_favorite": true}}, {"model": "Song.isfavourite", "pk": 1255, "fields": {"song": 8, "profile": 1, "is_favorite": true}}, {"model": "Song.isfavourite", "pk": 1258, "fields": {"song": 18, "profile": 1, "is_favorite": true}}, {"model": "Song.isfavourite", "pk": 1262, "fields": {"song": 9, "profile": 1, "is_favorite": true}}, {"model": "Song.isfavourite", "pk": 1263, "fields": {"song": 10, "profile": 1, "is_favorite": true}}, {"model": "Song.chord", "pk": 7, "fields": {"name": "A major", "acronym": "A", "image_file_path": "static/resources/img/chords/A.png", "audio_file": ""}}, {"model": "Song.chord", "pk": 8, "fields": {"name": "A Seventh", "acronym": "A7", "image_file_path": "static/resources/img/chords/A7.png", "audio_file": ""}}, {"model": "Song.chord", "pk": 9, "fields": {"name": "A flat major", "acronym": "Ab", "image_file_path": "static/resources/img/chords/Ab.png", "audio_file": ""}}, {"model": "Song.chord", "pk": 10, "fields": {"name": "A minor", "acronym": "Am", "image_file_path": "static/resources/img/chords/Am.png", "audio_file": ""}}, {"model": "Song.chord", "pk": 11, "fields": {"name": "B major", "acronym": "B", "image_file_path": "static/resources/img/chords/B.png", "audio_file": ""}}, {"model": "Song.chord", "pk": 12, "fields": {"name": "B seventh", "acronym": "B7", "image_file_path": "static/resources/img/chords/B7.png", "audio_file": ""}}, {"model": "Song.chord", "pk": 13, "fields": {"name": "B flat major", "acronym": "Bb", "image_file_path": "static/resources/img/chords/Bb.png", "audio_file": ""}}, {"model": "Song.chord", "pk": 14, "fields": {"name": "B flat major seventh", "acronym": "Bb7", "image_file_path": "static/resources/img/chords/Bb7.png", "audio_file": ""}}, {"model": "Song.chord", "pk": 15, "fields": {"name": "B flat minor", "acronym": "Bbm", "image_file_path": "static/resources/img/chords/Bbm.png", "audio_file": ""}}, {"model": "Song.chord", "pk": 16, "fields": {"name": "B minor", "acronym": "Bm", "image_file_path": "static/resources/img/chords/Bm.png", "audio_file": ""}}, {"model": "Song.chord", "pk": 17, "fields": {"name": "C sharp minor", "acronym": "C#m", "image_file_path": "static/resources/img/chords/C#m.png", "audio_file": ""}}, {"model": "Song.chord", "pk": 18, "fields": {"name": "C major", "acronym": "C", "image_file_path": "static/resources/img/chords/C.png", "audio_file": ""}}, {"model": "Song.chord", "pk": 19, "fields": {"name": "C seventh", "acronym": "C7", "image_file_path": "static/resources/img/chords/C7.png", "audio_file": ""}}, {"model": "Song.chord", "pk": 20, "fields": {"name": "C minor", "acronym": "Cm", "image_file_path": "static/resources/img/chords/Cm.png", "audio_file": ""}}, {"model": "Song.chord", "pk": 21, "fields": {"name": "D major", "acronym": "D", "image_file_path": "static/resources/img/chords/D.png", "audio_file": ""}}, {"model": "Song.chord", "pk": 22, "fields": {"name": "D seventh", "acronym": "D7", "image_file_path": "static/resources/img/chords/D7.png", "audio_file": ""}}, {"model": "Song.chord", "pk": 23, "fields": {"name": "D flat major", "acronym": "Db", "image_file_path": "static/resources/img/chords/Db.png", "audio_file": ""}}, {"model": "Song.chord", "pk": 24, "fields": {"name": "D minor", "acronym": "Dm", "image_file_path": "static/resources/img/chords/Dm.png", "audio_file": ""}}, {"model": "Song.chord", "pk": 25, "fields": {"name": "E flat", "acronym": "Eb", "image_file_path": "static/resources/img/chords/E flat.png", "audio_file": ""}}, {"model": "Song.chord", "pk": 26, "fields": {"name": "E major", "acronym": "E", "image_file_path": "static/resources/img/chords/E.png", "audio_file": ""}}, {"model": "Song.chord", "pk": 27, "fields": {"name": "E seventh", "acronym": "E7", "image_file_path": "static/resources/img/chords/E7.png", "audio_file": ""}}, {"model": "Song.chord", "pk": 28, "fields": {"name": "E flat major seventh", "acronym": "Eb7", "image_file_path": "static/resources/img/chords/Eb7.png", "audio_file": ""}}, {"model": "Song.chord", "pk": 29, "fields": {"name": "E minor", "acronym": "Em", "image_file_path": "static/resources/img/chords/Em.png", "audio_file": ""}}, {"model": "Song.chord", "pk": 30, "fields": {"name": "F sharp major", "acronym": "F#", "image_file_path": "static/resources/img/chords/F#.png", "audio_file": ""}}, {"model": "Song.chord", "pk": 31, "fields": {"name": "F sharp major seventh", "acronym": "F#7", "image_file_path": "static/resources/img/chords/F#7.png", "audio_file": ""}}, {"model": "Song.chord", "pk": 32, "fields": {"name": "F sharp minor", "acronym": "F#m", "image_file_path": "static/resources/img/chords/F#m.png", "audio_file": ""}}, {"model": "Song.chord", "pk": 33, "fields": {"name": "F major", "acronym": "F", "image_file_path": "static/resources/img/chords/F.png", "audio_file": ""}}, {"model": "Song.chord", "pk": 34, "fields": {"name": "F major seventh", "acronym": "F7", "image_file_path": "static/resources/img/chords/F7.png", "audio_file": ""}}, {"model": "Song.chord", "pk": 35, "fields": {"name": "F minor", "acronym": "Fm", "image_file_path": "static/resources/img/chords/Fm.png", "audio_file": ""}}, {"model": "Song.chord", "pk": 36, "fields": {"name": "G sharp minor", "acronym": "G#m", "image_file_path": "static/resources/img/chords/G#m.png", "audio_file": ""}}, {"model": "Song.chord", "pk": 37, "fields": {"name": "G major", "acronym": "G", "image_file_path": "static/resources/img/chords/G.png", "audio_file": ""}}, {"model": "Song.chord", "pk": 38, "fields": {"name": "G major seventh", "acronym": "G7", "image_file_path": "static/resources/img/chords/G7.png", "audio_file": ""}}, {"model": "Song.chord", "pk": 39, "fields": {"name": "G minor", "acronym": "Gm", "image_file_path": "static/resources/img/chords/Gm.png", "audio_file": ""}}, {"model": "Song.chord", "pk": 40, "fields": {"name": "x", "acronym": "x", "image_file_path": "static/resources/img/chords/A.png", "audio_file": ""}}, {"model": "Song.chordindex", "pk": 99, "fields": {"chord": 7, "song": 8}}, {"model": "Song.chordindex", "pk": 100, "fields": {"chord": 16, "song": 8}}, {"model": "Song.chordindex", "pk": 101, "fields": {"chord": 19, "song": 8}}, {"model": "Song.chordindex", "pk": 102, "fields": {"chord": 40, "song": 8}}, {"model": "Song.chordindex", "pk": 103, "fields": {"chord": 14, "song": 8}}, {"model": "Song.chordindex", "pk": 104, "fields": {"chord": 13, "song": 8}}, {"model": "Song.chordindex", "pk": 105, "fields": {"chord": 19, "song": 8}}, {"model": "Song.chordindex", "pk": 106, "fields": {"chord": 7, "song": 9}}, {"model": "Song.chordindex", "pk": 107, "fields": {"chord": 12, "song": 9}}, {"model": "Song.chordindex", "pk": 108, "fields": {"chord": 17, "song": 9}}, {"model": "Song.chordindex", "pk": 109, "fields": {"chord": 40, "song": 9}}, {"model": "Song.chordindex", "pk": 110, "fields": {"chord": 7, "song": 9}}, {"model": "Song.chordindex", "pk": 111, "fields": {"chord": 14, "song": 9}}, {"model": "Song.chordindex", "pk": 112, "fields": {"chord": 36, "song": 10}}, {"model": "Song.chordindex", "pk": 113, "fields": {"chord": 24, "song": 10}}, {"model": "Song.chordindex", "pk": 114, "fields": {"chord": 14, "song": 10}}, {"model": "Song.chordindex", "pk": 115, "fields": {"chord": 35, "song": 11}}, {"model": "Song.chordindex", "pk": 116, "fields": {"chord": 38, "song": 11}}, {"model": "Song.chordindex", "pk": 117, "fields": {"chord": 9, "song": 12}}, {"model": "Song.chordindex", "pk": 118, "fields": {"chord": 25, "song": 12}}, {"model": "Song.chordindex", "pk": 119, "fields": {"chord": 40, "song": 12}}, {"model": "Song.chordindex", "pk": 120, "fields": {"chord": 12, "song": 12}}, {"model": "Song.chordindex", "pk": 121, "fields": {"chord": 35, "song": 12}}, {"model": "Song.chordindex", "pk": 122, "fields": {"chord": 7, "song": 13}}, {"model": "Song.chordindex", "pk": 123, "fields": {"chord": 15, "song": 13}}, {"model": "Song.chordindex", "pk": 124, "fields": {"chord": 22, "song": 13}}, {"model": "Song.chordindex", "pk": 125, "fields": {"chord": 40, "song": 13}}, {"model": "Song.chordindex", "pk": 126, "fields": {"chord": 39, "song": 13}}, {"model": "Song.chordindex", "pk": 127, "fields": {"chord": 31, "song": 14}}, {"model": "Song.chordindex", "pk": 128, "fields": {"chord": 18, "song": 14}}, {"model": "Song.chordindex", "pk": 129, "fields": {"chord": 7, "song": 15}}, {"model": "Song.chordindex", "pk": 130, "fields": {"chord": 32, "song": 15}}, {"model": "Song.chordindex", "pk": 131, "fields": {"chord": 40, "song": 15}}, {"model": "Song.chordindex", "pk": 132, "fields": {"chord": 36, "song": 15}}, {"model": "Song.chordindex", "pk": 133, "fields": {"chord": 40, "song": 15}}, {"model": "Song.chordindex", "pk": 134, "fields": {"chord": 26, "song": 15}}, {"model": "Song.chordindex", "pk": 135, "fields": {"chord": 8, "song": 15}}, {"model": "Song.chordindex", "pk": 136, "fields": {"chord": 7, "song": 16}}, {"model": "Song.chordindex", "pk": 137, "fields": {"chord": 19, "song": 16}}, {"model": "Song.chordindex", "pk": 138, "fields": {"chord": 34, "song": 17}}, {"model": "Song.chordindex", "pk": 139, "fields": {"chord": 14, "song": 17}}, {"model": "Song.chordindex", "pk": 140, "fields": {"chord": 40, "song": 17}}, {"model": "Song.chordindex", "pk": 141, "fields": {"chord": 37, "song": 17}}, {"model": "Song.chordindex", "pk": 142, "fields": {"chord": 19, "song": 17}}, {"model": "Song.chordindex", "pk": 143, "fields": {"chord": 40, "song": 17}}, {"model": "Song.chordindex", "pk": 144, "fields": {"chord": 14, "song": 17}}, {"model": "Song.chordindex", "pk": 145, "fields": {"chord": 20, "song": 17}}, {"model": "Song.chordindex", "pk": 146, "fields": {"chord": 7, "song": 18}}, {"model": "Song.chordindex", "pk": 147, "fields": {"chord": 10, "song": 18}}, {"model": "Song.chordindex", "pk": 148, "fields": {"chord": 35, "song": 18}}, {"model": "Song.chordindex", "pk": 149, "fields": {"chord": 40, "song": 18}}, {"model": "Song.chordindex", "pk": 150, "fields": {"chord": 35, "song": 18}}, {"model": "Song.chordindex", "pk": 152, "fields": {"chord": 9, "song": 19}}, {"model": "Song.chordindex", "pk": 153, "fields": {"chord": 10, "song": 19}}, {"model": "Song.chordindex", "pk": 154, "fields": {"chord": 8, "song": 19}}, {"model": "Song.chordindex", "pk": 155, "fields": {"chord": 20, "song": 19}}, {"model": "Song.chordindex", "pk": 156, "fields": {"chord": 7, "song": 20}}, {"model": "Song.chordindex", "pk": 157, "fields": {"chord": 8, "song": 20}}, {"model": "Song.chordindex", "pk": 158, "fields": {"chord": 8, "song": 20}}, {"model": "Song.chordindex", "pk": 159, "fields": {"chord": 20, "song": 20}}, {"model": "Song.chordindex", "pk": 167, "fields": {"chord": 7, "song": 21}}, {"model": "Song.chordindex", "pk": 168, "fields": {"chord": 17, "song": 21}}, {"model": "Song.chordindex", "pk": 169, "fields": {"chord": 27, "song": 21}}, {"model": "Song.chordindex", "pk": 170, "fields": {"chord": 32, "song": 21}}, {"model": "Song.chordindex", "pk": 171, "fields": {"chord": 40, "song": 21}}, {"model": "Song.chordindex", "pk": 172, "fields": {"chord": 28, "song": 21}}, {"model": "Song.chordindex", "pk": 173, "fields": {"chord": 31, "song": 21}}, {"model": "Song.comment", "pk": 1, "fields": {"uploader": 1, "song": 8, "comment": "First comment for the app"}}, {"model": "Song.comment", "pk": 2, "fields": {"uploader": 1, "song": 8, "comment": "Second comment ever"}}, {"model": "Song.comment", "pk": 3, "fields": {"uploader": 1, "song": 8, "comment": "3r comment"}}, {"model": "auth.permission", "pk": 1, "fields": {"name": "Can add log entry", "content_type": 1, "codename": "add_logentry"}}, {"model": "auth.permission", "pk": 2, "fields": {"name": "Can change log entry", "content_type": 1, "codename": "change_logentry"}}, {"model": "auth.permission", "pk": 3, "fields": {"name": "Can delete log entry", "content_type": 1, "codename": "delete_logentry"}}, {"model": "auth.permission", "pk": 4, "fields": {"name": "Can view log entry", "content_type": 1, "codename": "view_logentry"}}, {"model": "auth.permission", "pk": 5, "fields": {"name": "Can add permission", "content_type": 2, "codename": "add_permission"}}, {"model": "auth.permission", "pk": 6, "fields": {"name": "Can change permission", "content_type": 2, "codename": "change_permission"}}, {"model": "auth.permission", "pk": 7, "fields": {"name": "Can delete permission", "content_type": 2, "codename": "delete_permission"}}, {"model": "auth.permission", "pk": 8, "fields": {"name": "Can view permission", "content_type": 2, "codename": "view_permission"}}, {"model": "auth.permission", "pk": 9, "fields": {"name": "Can add group", "content_type": 3, "codename": "add_group"}}, {"model": "auth.permission", "pk": 10, "fields": {"name": "Can change group", "content_type": 3, "codename": "change_group"}}, {"model": "auth.permission", "pk": 11, "fields": {"name": "Can delete group", "content_type": 3, "codename": "delete_group"}}, {"model": "auth.permission", "pk": 12, "fields": {"name": "Can view group", "content_type": 3, "codename": "view_group"}}, {"model": "auth.permission", "pk": 13, "fields": {"name": "Can add user", "content_type": 4, "codename": "add_user"}}, {"model": "auth.permission", "pk": 14, "fields": {"name": "Can change user", "content_type": 4, "codename": "change_user"}}, {"model": "auth.permission", "pk": 15, "fields": {"name": "Can delete user", "content_type": 4, "codename": "delete_user"}}, {"model": "auth.permission", "pk": 16, "fields": {"name": "Can view user", "content_type": 4, "codename": "view_user"}}, {"model": "auth.permission", "pk": 17, "fields": {"name": "Can add content type", "content_type": 5, "codename": "add_contenttype"}}, {"model": "auth.permission", "pk": 18, "fields": {"name": "Can change content type", "content_type": 5, "codename": "change_contenttype"}}, {"model": "auth.permission", "pk": 19, "fields": {"name": "Can delete content type", "content_type": 5, "codename": "delete_contenttype"}}, {"model": "auth.permission", "pk": 20, "fields": {"name": "Can view content type", "content_type": 5, "codename": "view_contenttype"}}, {"model": "auth.permission", "pk": 21, "fields": {"name": "Can add session", "content_type": 6, "codename": "add_session"}}, {"model": "auth.permission", "pk": 22, "fields": {"name": "Can change session", "content_type": 6, "codename": "change_session"}}, {"model": "auth.permission", "pk": 23, "fields": {"name": "Can delete session", "content_type": 6, "codename": "delete_session"}}, {"model": "auth.permission", "pk": 24, "fields": {"name": "Can view session", "content_type": 6, "codename": "view_session"}}, {"model": "auth.permission", "pk": 25, "fields": {"name": "Can add chord", "content_type": 7, "codename": "add_chord"}}, {"model": "auth.permission", "pk": 26, "fields": {"name": "Can change chord", "content_type": 7, "codename": "change_chord"}}, {"model": "auth.permission", "pk": 27, "fields": {"name": "Can delete chord", "content_type": 7, "codename": "delete_chord"}}, {"model": "auth.permission", "pk": 28, "fields": {"name": "Can view chord", "content_type": 7, "codename": "view_chord"}}, {"model": "auth.permission", "pk": 29, "fields": {"name": "Can add chord index", "content_type": 8, "codename": "add_chordindex"}}, {"model": "auth.permission", "pk": 30, "fields": {"name": "Can change chord index", "content_type": 8, "codename": "change_chordindex"}}, {"model": "auth.permission", "pk": 31, "fields": {"name": "Can delete chord index", "content_type": 8, "codename": "delete_chordindex"}}, {"model": "auth.permission", "pk": 32, "fields": {"name": "Can view chord index", "content_type": 8, "codename": "view_chordindex"}}, {"model": "auth.permission", "pk": 33, "fields": {"name": "Can add is favourite", "content_type": 9, "codename": "add_isfavourite"}}, {"model": "auth.permission", "pk": 34, "fields": {"name": "Can change is favourite", "content_type": 9, "codename": "change_isfavourite"}}, {"model": "auth.permission", "pk": 35, "fields": {"name": "Can delete is favourite", "content_type": 9, "codename": "delete_isfavourite"}}, {"model": "auth.permission", "pk": 36, "fields": {"name": "Can view is favourite", "content_type": 9, "codename": "view_isfavourite"}}, {"model": "auth.permission", "pk": 37, "fields": {"name": "Can add profile", "content_type": 10, "codename": "add_profile"}}, {"model": "auth.permission", "pk": 38, "fields": {"name": "Can change profile", "content_type": 10, "codename": "change_profile"}}, {"model": "auth.permission", "pk": 39, "fields": {"name": "Can delete profile", "content_type": 10, "codename": "delete_profile"}}, {"model": "auth.permission", "pk": 40, "fields": {"name": "Can view profile", "content_type": 10, "codename": "view_profile"}}, {"model": "auth.permission", "pk": 41, "fields": {"name": "Can add song", "content_type": 11, "codename": "add_song"}}, {"model": "auth.permission", "pk": 42, "fields": {"name": "Can change song", "content_type": 11, "codename": "change_song"}}, {"model": "auth.permission", "pk": 43, "fields": {"name": "Can delete song", "content_type": 11, "codename": "delete_song"}}, {"model": "auth.permission", "pk": 44, "fields": {"name": "Can view song", "content_type": 11, "codename": "view_song"}}, {"model": "auth.permission", "pk": 45, "fields": {"name": "Can add alternate chord image", "content_type": 12, "codename": "add_alternatechordimage"}}, {"model": "auth.permission", "pk": 46, "fields": {"name": "Can change alternate chord image", "content_type": 12, "codename": "change_alternatechordimage"}}, {"model": "auth.permission", "pk": 47, "fields": {"name": "Can delete alternate chord image", "content_type": 12, "codename": "delete_alternatechordimage"}}, {"model": "auth.permission", "pk": 48, "fields": {"name": "Can view alternate chord image", "content_type": 12, "codename": "view_alternatechordimage"}}, {"model": "auth.permission", "pk": 49, "fields": {"name": "Can add comment", "content_type": 13, "codename": "add_comment"}}, {"model": "auth.permission", "pk": 50, "fields": {"name": "Can change comment", "content_type": 13, "codename": "change_comment"}}, {"model": "auth.permission", "pk": 51, "fields": {"name": "Can delete comment", "content_type": 13, "codename": "delete_comment"}}, {"model": "auth.permission", "pk": 52, "fields": {"name": "Can view comment", "content_type": 13, "codename": "view_comment"}}, {"model": "auth.permission", "pk": 53, "fields": {"name": "Can add immage as comment", "content_type": 14, "codename": "add_immageascomment"}}, {"model": "auth.permission", "pk": 54, "fields": {"name": "Can change immage as comment", "content_type": 14, "codename": "change_immageascomment"}}, {"model": "auth.permission", "pk": 55, "fields": {"name": "Can delete immage as comment", "content_type": 14, "codename": "delete_immageascomment"}}, {"model": "auth.permission", "pk": 56, "fields": {"name": "Can view immage as comment", "content_type": 14, "codename": "view_immageascomment"}}, {"model": "auth.permission", "pk": 57, "fields": {"name": "Can add image as comment", "content_type": 14, "codename": "add_imageascomment"}}, {"model": "auth.permission", "pk": 58, "fields": {"name": "Can change image as comment", "content_type": 14, "codename": "change_imageascomment"}}, {"model": "auth.permission", "pk": 59, "fields": {"name": "Can delete image as comment", "content_type": 14, "codename": "delete_imageascomment"}}, {"model": "auth.permission", "pk": 60, "fields": {"name": "Can view image as comment", "content_type": 14, "codename": "view_imageascomment"}}, {"model": "auth.user", "pk": 1, "fields": {"password": "pbkdf2_sha256$120000$3A4xiQOq4m0S$K2WQ85DboXTr2yutJa9C2f/jR2chi+1tiLYFXD/p00U=", "last_login": "2020-01-17T20:08:38.139Z", "is_superuser": true, "username": "Arjuna", "first_name": "", "last_name": "", "email": "arjuna1@pm.me", "is_staff": true, "is_active": true, "date_joined": "2019-05-18T10:00:07.361Z", "groups": [], "user_permissions": []}}, {"model": "auth.user", "pk": 2, "fields": {"password": "pbkdf2_sha256$120000$7gLnd2UNZPoU$slEi91m7l86UcDmuqIoj1mL1a13COJMuGmG6yOb3rQ8=", "last_login": "2019-05-18T11:53:33.513Z", "is_superuser": false, "username": "Ajita", "first_name": "", "last_name": "", "email": "", "is_staff": false, "is_active": true, "date_joined": "2019-05-18T11:53:33.138Z", "groups": [], "user_permissions": []}}, {"model": "auth.user", "pk": 3, "fields": {"password": "pbkdf2_sha256$120000$eUSFPuJB5lIl$2GqMv5qhXmdfUHgYz2YDxuXWIX1LkoKjBpHVMj9ykk4=", "last_login": null, "is_superuser": false, "username": "Bhuji", "first_name": "", "last_name": "", "email": "", "is_staff": false, "is_active": true, "date_joined": "2019-05-21T14:27:07.588Z", "groups": [], "user_permissions": []}}, {"model": "auth.user", "pk": 4, "fields": {"password": "pbkdf2_sha256$120000$igwVN9qEzPmx$o1JEKEJz2x2aFIXsZ5UMuiAgTq/WgA09NSCAzL0cqAo=", "last_login": null, "is_superuser": false, "username": "Jyotsna", "first_name": "", "last_name": "", "email": "", "is_staff": false, "is_active": true, "date_joined": "2019-05-21T14:27:29.724Z", "groups": [], "user_permissions": []}}, {"model": "auth.user", "pk": 5, "fields": {"password": "pbkdf2_sha256$120000$949DgpBCElkP$jUd2lkuf8bNP20TsNFtWoSfVEH+mXpAd3PG1BmPsNKE=", "last_login": null, "is_superuser": false, "username": "Satya_Latrobe", "first_name": "", "last_name": "", "email": "", "is_staff": false, "is_active": true, "date_joined": "2019-05-21T14:27:50.992Z", "groups": [], "user_permissions": []}}, {"model": "auth.user", "pk": 6, "fields": {"password": "pbkdf2_sha256$120000$V8Y3JaiJtO61$AnFJAMliyxpcjZ1kaoTEywe7d1/6vL11glusfU1ovzk=", "last_login": null, "is_superuser": false, "username": "Dada_Madhu", "first_name": "", "last_name": "", "email": "", "is_staff": false, "is_active": true, "date_joined": "2019-05-21T14:28:06.164Z", "groups": [], "user_permissions": []}}, {"model": "auth.user", "pk": 7, "fields": {"password": "pbkdf2_sha256$120000$yQP7MHt9CYfN$uXQjUOAm9pdCY6qtS4UMtMeAaLYIlr+mXFC+u1pLKLk=", "last_login": null, "is_superuser": false, "username": "Jiananatman", "first_name": "", "last_name": "", "email": "", "is_staff": false, "is_active": true, "date_joined": "2019-05-21T14:28:50.366Z", "groups": [], "user_permissions": []}}, {"model": "auth.user", "pk": 8, "fields": {"password": "pbkdf2_sha256$120000$82tOKRhxT2ZV$eOkViIgG+Y0isFH37vqsF9NtSqLwrFovNAldCUx0XA4=", "last_login": null, "is_superuser": false, "username": "Dada-K", "first_name": "Dada", "last_name": "Krsnasevananda", "email": "dadak@dada.com", "is_staff": false, "is_active": true, "date_joined": "2019-05-21T14:29:02Z", "groups": [], "user_permissions": []}}, {"model": "Song.profile", "pk": 1, "fields": {"user": 1, "confirm_email": "asd@lkj.com", "sanskrit_name": "Arjuna", "country": "MX", "city": null, "profile_pic": "", "gold_member": false, "platinum_member": false, "admin_member": false}}, {"model": "Song.profile", "pk": 2, "fields": {"user": 2, "confirm_email": "asd@lkj.com", "sanskrit_name": "Ajita", "country": "IT", "city": null, "profile_pic": "", "gold_member": false, "platinum_member": false, "admin_member": false}}, {"model": "Song.profile", "pk": 3, "fields": {"user": 3, "confirm_email": "asd@lkj.com", "sanskrit_name": "Bhubanesh", "country": "NL", "city": null, "profile_pic": "", "gold_member": false, "platinum_member": false, "admin_member": false}}, {"model": "Song.profile", "pk": 4, "fields": {"user": 6, "confirm_email": "asd@lkj.com", "sanskrit_name": "Dada Madhiviyananda", "country": "DE", "city": null, "profile_pic": "", "gold_member": false, "platinum_member": false, "admin_member": false}}, {"model": "Song.profile", "pk": 5, "fields": {"user": 7, "confirm_email": "asd@lkj.com", "sanskrit_name": "Jiananatman", "country": "PT", "city": null, "profile_pic": "", "gold_member": false, "platinum_member": false, "admin_member": false}}, {"model": "Song.profile", "pk": 6, "fields": {"user": 4, "confirm_email": "asd@lkj.com", "sanskrit_name": "Jyotsna", "country": "NZ", "city": null, "profile_pic": "", "gold_member": false, "platinum_member": false, "admin_member": false}}, {"model": "Song.profile", "pk": 7, "fields": {"user": 5, "confirm_email": "asd@lkj.com", "sanskrit_name": "Satya", "country": "DK", "city": null, "profile_pic": "", "gold_member": false, "platinum_member": false, "admin_member": false}}, {"model": "admin.logentry", "pk": 1, "fields": {"action_time": "2019-05-18T10:07:24.960Z", "user": 1, "content_type": 10, "object_id": "1", "object_repr": "Arjuna", "action_flag": 1, "change_message": "[{\"added\": {}}]"}}, {"model": "admin.logentry", "pk": 2, "fields": {"action_time": "2019-05-18T10:07:45.452Z", "user": 1, "content_type": 11, "object_id": "1", "object_repr": "Song object (1)", "action_flag": 1, "change_message": "[{\"added\": {}}]"}}, {"model": "admin.logentry", "pk": 3, "fields": {"action_time": "2019-05-18T11:51:26.530Z", "user": 1, "content_type": 7, "object_id": "1", "object_repr": "Chord object (1)", "action_flag": 1, "change_message": "[{\"added\": {}}]"}}, {"model": "admin.logentry", "pk": 4, "fields": {"action_time": "2019-05-18T11:51:52.302Z", "user": 1, "content_type": 7, "object_id": "2", "object_repr": "Chord object (2)", "action_flag": 1, "change_message": "[{\"added\": {}}]"}}, {"model": "admin.logentry", "pk": 5, "fields": {"action_time": "2019-05-18T11:52:02.344Z", "user": 1, "content_type": 7, "object_id": "3", "object_repr": "Chord object (3)", "action_flag": 1, "change_message": "[{\"added\": {}}]"}}, {"model": "admin.logentry", "pk": 6, "fields": {"action_time": "2019-05-18T11:52:11.290Z", "user": 1, "content_type": 7, "object_id": "4", "object_repr": "Chord object (4)", "action_flag": 1, "change_message": "[{\"added\": {}}]"}}, {"model": "admin.logentry", "pk": 7, "fields": {"action_time": "2019-05-18T11:52:19.264Z", "user": 1, "content_type": 7, "object_id": "5", "object_repr": "Chord object (5)", "action_flag": 1, "change_message": "[{\"added\": {}}]"}}, {"model": "admin.logentry", "pk": 8, "fields": {"action_time": "2019-05-19T11:59:02.119Z", "user": 1, "content_type": 7, "object_id": "6", "object_repr": "Chord object (6)", "action_flag": 1, "change_message": "[{\"added\": {}}]"}}, {"model": "admin.logentry", "pk": 9, "fields": {"action_time": "2019-05-21T14:11:32.028Z", "user": 1, "content_type": 11, "object_id": "7", "object_repr": "Song object (7)", "action_flag": 3, "change_message": ""}}, {"model": "admin.logentry", "pk": 10, "fields": {"action_time": "2019-05-21T14:11:32.034Z", "user": 1, "content_type": 11, "object_id": "6", "object_repr": "Song object (6)", "action_flag": 3, "change_message": ""}}, {"model": "admin.logentry", "pk": 11, "fields": {"action_time": "2019-05-21T14:11:32.037Z", "user": 1, "content_type": 11, "object_id": "5", "object_repr": "Song object (5)", "action_flag": 3, "change_message": ""}}, {"model": "admin.logentry", "pk": 12, "fields": {"action_time": "2019-05-21T14:11:32.039Z", "user": 1, "content_type": 11, "object_id": "4", "object_repr": "Song object (4)", "action_flag": 3, "change_message": ""}}, {"model": "admin.logentry", "pk": 13, "fields": {"action_time": "2019-05-21T14:11:32.043Z", "user": 1, "content_type": 11, "object_id": "3", "object_repr": "Song object (3)", "action_flag": 3, "change_message": ""}}, {"model": "admin.logentry", "pk": 14, "fields": {"action_time": "2019-05-21T14:11:32.045Z", "user": 1, "content_type": 11, "object_id": "2", "object_repr": "Song object (2)", "action_flag": 3, "change_message": ""}}, {"model": "admin.logentry", "pk": 15, "fields": {"action_time": "2019-05-21T14:11:32.046Z", "user": 1, "content_type": 11, "object_id": "1", "object_repr": "Song object (1)", "action_flag": 3, "change_message": ""}}, {"model": "admin.logentry", "pk": 16, "fields": {"action_time": "2019-05-21T14:11:44.542Z", "user": 1, "content_type": 7, "object_id": "6", "object_repr": "Chord object (6)", "action_flag": 3, "change_message": ""}}, {"model": "admin.logentry", "pk": 17, "fields": {"action_time": "2019-05-21T14:11:44.543Z", "user": 1, "content_type": 7, "object_id": "5", "object_repr": "Chord object (5)", "action_flag": 3, "change_message": ""}}, {"model": "admin.logentry", "pk": 18, "fields": {"action_time": "2019-05-21T14:11:44.545Z", "user": 1, "content_type": 7, "object_id": "4", "object_repr": "Chord object (4)", "action_flag": 3, "change_message": ""}}, {"model": "admin.logentry", "pk": 19, "fields": {"action_time": "2019-05-21T14:11:44.550Z", "user": 1, "content_type": 7, "object_id": "3", "object_repr": "Chord object (3)", "action_flag": 3, "change_message": ""}}, {"model": "admin.logentry", "pk": 20, "fields": {"action_time": "2019-05-21T14:11:44.551Z", "user": 1, "content_type": 7, "object_id": "2", "object_repr": "Chord object (2)", "action_flag": 3, "change_message": ""}}, {"model": "admin.logentry", "pk": 21, "fields": {"action_time": "2019-05-21T14:11:44.553Z", "user": 1, "content_type": 7, "object_id": "1", "object_repr": "Chord object (1)", "action_flag": 3, "change_message": ""}}, {"model": "admin.logentry", "pk": 22, "fields": {"action_time": "2019-05-21T14:12:00.654Z", "user": 1, "content_type": 7, "object_id": "7", "object_repr": "Chord object (7)", "action_flag": 1, "change_message": "[{\"added\": {}}]"}}, {"model": "admin.logentry", "pk": 23, "fields": {"action_time": "2019-05-21T14:12:10.593Z", "user": 1, "content_type": 7, "object_id": "8", "object_repr": "Chord object (8)", "action_flag": 1, "change_message": "[{\"added\": {}}]"}}, {"model": "admin.logentry", "pk": 24, "fields": {"action_time": "2019-05-21T14:13:36.217Z", "user": 1, "content_type": 7, "object_id": "9", "object_repr": "Chord object (9)", "action_flag": 1, "change_message": "[{\"added\": {}}]"}}, {"model": "admin.logentry", "pk": 25, "fields": {"action_time": "2019-05-21T14:13:44.948Z", "user": 1, "content_type": 7, "object_id": "10", "object_repr": "Chord object (10)", "action_flag": 1, "change_message": "[{\"added\": {}}]"}}, {"model": "admin.logentry", "pk": 26, "fields": {"action_time": "2019-05-21T14:13:55.189Z", "user": 1, "content_type": 7, "object_id": "11", "object_repr": "Chord object (11)", "action_flag": 1, "change_message": "[{\"added\": {}}]"}}, {"model": "admin.logentry", "pk": 27, "fields": {"action_time": "2019-05-21T14:14:04.315Z", "user": 1, "content_type": 7, "object_id": "12", "object_repr": "Chord object (12)", "action_flag": 1, "change_message": "[{\"added\": {}}]"}}, {"model": "admin.logentry", "pk": 28, "fields": {"action_time": "2019-05-21T14:14:26.204Z", "user": 1, "content_type": 7, "object_id": "13", "object_repr": "Chord object (13)", "action_flag": 1, "change_message": "[{\"added\": {}}]"}}, {"model": "admin.logentry", "pk": 29, "fields": {"action_time": "2019-05-21T14:14:40.645Z", "user": 1, "content_type": 7, "object_id": "14", "object_repr": "Chord object (14)", "action_flag": 1, "change_message": "[{\"added\": {}}]"}}, {"model": "admin.logentry", "pk": 30, "fields": {"action_time": "2019-05-21T14:14:53.638Z", "user": 1, "content_type": 7, "object_id": "15", "object_repr": "Chord object (15)", "action_flag": 1, "change_message": "[{\"added\": {}}]"}}, {"model": "admin.logentry", "pk": 31, "fields": {"action_time": "2019-05-21T14:15:04.530Z", "user": 1, "content_type": 7, "object_id": "16", "object_repr": "Chord object (16)", "action_flag": 1, "change_message": "[{\"added\": {}}]"}}, {"model": "admin.logentry", "pk": 32, "fields": {"action_time": "2019-05-21T14:15:17.447Z", "user": 1, "content_type": 7, "object_id": "17", "object_repr": "Chord object (17)", "action_flag": 1, "change_message": "[{\"added\": {}}]"}}, {"model": "admin.logentry", "pk": 33, "fields": {"action_time": "2019-05-21T14:15:24.495Z", "user": 1, "content_type": 7, "object_id": "18", "object_repr": "Chord object (18)", "action_flag": 1, "change_message": "[{\"added\": {}}]"}}, {"model": "admin.logentry", "pk": 34, "fields": {"action_time": "2019-05-21T14:15:31.485Z", "user": 1, "content_type": 7, "object_id": "19", "object_repr": "Chord object (19)", "action_flag": 1, "change_message": "[{\"added\": {}}]"}}, {"model": "admin.logentry", "pk": 35, "fields": {"action_time": "2019-05-21T14:15:39.806Z", "user": 1, "content_type": 7, "object_id": "20", "object_repr": "Chord object (20)", "action_flag": 1, "change_message": "[{\"added\": {}}]"}}, {"model": "admin.logentry", "pk": 36, "fields": {"action_time": "2019-05-21T14:15:46.967Z", "user": 1, "content_type": 7, "object_id": "21", "object_repr": "Chord object (21)", "action_flag": 1, "change_message": "[{\"added\": {}}]"}}, {"model": "admin.logentry", "pk": 37, "fields": {"action_time": "2019-05-21T14:15:56.762Z", "user": 1, "content_type": 7, "object_id": "22", "object_repr": "Chord object (22)", "action_flag": 1, "change_message": "[{\"added\": {}}]"}}, {"model": "admin.logentry", "pk": 38, "fields": {"action_time": "2019-05-21T14:16:05.452Z", "user": 1, "content_type": 7, "object_id": "23", "object_repr": "Chord object (23)", "action_flag": 1, "change_message": "[{\"added\": {}}]"}}, {"model": "admin.logentry", "pk": 39, "fields": {"action_time": "2019-05-21T14:16:15.925Z", "user": 1, "content_type": 7, "object_id": "24", "object_repr": "Chord object (24)", "action_flag": 1, "change_message": "[{\"added\": {}}]"}}, {"model": "admin.logentry", "pk": 40, "fields": {"action_time": "2019-05-21T14:16:34.807Z", "user": 1, "content_type": 7, "object_id": "25", "object_repr": "Chord object (25)", "action_flag": 1, "change_message": "[{\"added\": {}}]"}}, {"model": "admin.logentry", "pk": 41, "fields": {"action_time": "2019-05-21T14:16:42.368Z", "user": 1, "content_type": 7, "object_id": "26", "object_repr": "Chord object (26)", "action_flag": 1, "change_message": "[{\"added\": {}}]"}}, {"model": "admin.logentry", "pk": 42, "fields": {"action_time": "2019-05-21T14:16:52.015Z", "user": 1, "content_type": 7, "object_id": "27", "object_repr": "Chord object (27)", "action_flag": 1, "change_message": "[{\"added\": {}}]"}}, {"model": "admin.logentry", "pk": 43, "fields": {"action_time": "2019-05-21T14:17:08.095Z", "user": 1, "content_type": 7, "object_id": "28", "object_repr": "Chord object (28)", "action_flag": 1, "change_message": "[{\"added\": {}}]"}}, {"model": "admin.logentry", "pk": 44, "fields": {"action_time": "2019-05-21T14:17:25.256Z", "user": 1, "content_type": 7, "object_id": "29", "object_repr": "Chord object (29)", "action_flag": 1, "change_message": "[{\"added\": {}}]"}}, {"model": "admin.logentry", "pk": 45, "fields": {"action_time": "2019-05-21T14:17:44.351Z", "user": 1, "content_type": 7, "object_id": "30", "object_repr": "Chord object (30)", "action_flag": 1, "change_message": "[{\"added\": {}}]"}}, {"model": "admin.logentry", "pk": 46, "fields": {"action_time": "2019-05-21T14:17:55.696Z", "user": 1, "content_type": 7, "object_id": "31", "object_repr": "Chord object (31)", "action_flag": 1, "change_message": "[{\"added\": {}}]"}}, {"model": "admin.logentry", "pk": 47, "fields": {"action_time": "2019-05-21T14:18:12.504Z", "user": 1, "content_type": 7, "object_id": "32", "object_repr": "Chord object (32)", "action_flag": 1, "change_message": "[{\"added\": {}}]"}}, {"model": "admin.logentry", "pk": 48, "fields": {"action_time": "2019-05-21T14:18:24.903Z", "user": 1, "content_type": 7, "object_id": "33", "object_repr": "Chord object (33)", "action_flag": 1, "change_message": "[{\"added\": {}}]"}}, {"model": "admin.logentry", "pk": 49, "fields": {"action_time": "2019-05-21T14:18:35.198Z", "user": 1, "content_type": 7, "object_id": "34", "object_repr": "Chord object (34)", "action_flag": 1, "change_message": "[{\"added\": {}}]"}}, {"model": "admin.logentry", "pk": 50, "fields": {"action_time": "2019-05-21T14:18:43.079Z", "user": 1, "content_type": 7, "object_id": "35", "object_repr": "Chord object (35)", "action_flag": 1, "change_message": "[{\"added\": {}}]"}}, {"model": "admin.logentry", "pk": 51, "fields": {"action_time": "2019-05-21T14:18:55.924Z", "user": 1, "content_type": 7, "object_id": "36", "object_repr": "Chord object (36)", "action_flag": 1, "change_message": "[{\"added\": {}}]"}}, {"model": "admin.logentry", "pk": 52, "fields": {"action_time": "2019-05-21T14:19:04.003Z", "user": 1, "content_type": 7, "object_id": "37", "object_repr": "Chord object (37)", "action_flag": 1, "change_message": "[{\"added\": {}}]"}}, {"model": "admin.logentry", "pk": 53, "fields": {"action_time": "2019-05-21T14:19:15.759Z", "user": 1, "content_type": 7, "object_id": "38", "object_repr": "Chord object (38)", "action_flag": 1, "change_message": "[{\"added\": {}}]"}}, {"model": "admin.logentry", "pk": 54, "fields": {"action_time": "2019-05-21T14:19:25.089Z", "user": 1, "content_type": 7, "object_id": "39", "object_repr": "Chord object (39)", "action_flag": 1, "change_message": "[{\"added\": {}}]"}}, {"model": "admin.logentry", "pk": 55, "fields": {"action_time": "2019-05-21T14:21:32.935Z", "user": 1, "content_type": 11, "object_id": "8", "object_repr": "Song object (8)", "action_flag": 1, "change_message": "[{\"added\": {}}]"}}, {"model": "admin.logentry", "pk": 56, "fields": {"action_time": "2019-05-21T14:24:39.080Z", "user": 1, "content_type": 11, "object_id": "9", "object_repr": "Song object (9)", "action_flag": 1, "change_message": "[{\"added\": {}}]"}}, {"model": "admin.logentry", "pk": 57, "fields": {"action_time": "2019-05-21T14:26:36.766Z", "user": 1, "content_type": 11, "object_id": "10", "object_repr": "Song object (10)", "action_flag": 1, "change_message": "[{\"added\": {}}]"}}, {"model": "admin.logentry", "pk": 58, "fields": {"action_time": "2019-05-21T14:27:07.761Z", "user": 1, "content_type": 4, "object_id": "3", "object_repr": "Bhuji", "action_flag": 1, "change_message": "[{\"added\": {}}]"}}, {"model": "admin.logentry", "pk": 59, "fields": {"action_time": "2019-05-21T14:27:29.895Z", "user": 1, "content_type": 4, "object_id": "4", "object_repr": "Jyotsna", "action_flag": 1, "change_message": "[{\"added\": {}}]"}}, {"model": "admin.logentry", "pk": 60, "fields": {"action_time": "2019-05-21T14:27:51.165Z", "user": 1, "content_type": 4, "object_id": "5", "object_repr": "Satya_Latrobe", "action_flag": 1, "change_message": "[{\"added\": {}}]"}}, {"model": "admin.logentry", "pk": 61, "fields": {"action_time": "2019-05-21T14:28:06.336Z", "user": 1, "content_type": 4, "object_id": "6", "object_repr": "Dada_Madhu", "action_flag": 1, "change_message": "[{\"added\": {}}]"}}, {"model": "admin.logentry", "pk": 62, "fields": {"action_time": "2019-05-21T14:28:50.536Z", "user": 1, "content_type": 4, "object_id": "7", "object_repr": "Jiananatman", "action_flag": 1, "change_message": "[{\"added\": {}}]"}}, {"model": "admin.logentry", "pk": 63, "fields": {"action_time": "2019-05-21T14:29:02.980Z", "user": 1, "content_type": 4, "object_id": "8", "object_repr": "Dada-K", "action_flag": 1, "change_message": "[{\"added\": {}}]"}}, {"model": "admin.logentry", "pk": 64, "fields": {"action_time": "2019-05-21T14:29:26.323Z", "user": 1, "content_type": 4, "object_id": "8", "object_repr": "Dada-K", "action_flag": 2, "change_message": "[{\"changed\": {\"fields\": [\"first_name\", \"last_name\", \"email\"]}}]"}}, {"model": "admin.logentry", "pk": 65, "fields": {"action_time": "2019-05-21T14:29:58.088Z", "user": 1, "content_type": 10, "object_id": "3", "object_repr": "Bhuji", "action_flag": 1, "change_message": "[{\"added\": {}}]"}}, {"model": "admin.logentry", "pk": 66, "fields": {"action_time": "2019-05-21T14:30:10.733Z", "user": 1, "content_type": 10, "object_id": "4", "object_repr": "Dada_Madhu", "action_flag": 1, "change_message": "[{\"added\": {}}]"}}, {"model": "admin.logentry", "pk": 67, "fields": {"action_time": "2019-05-21T14:30:23.028Z", "user": 1, "content_type": 10, "object_id": "5", "object_repr": "Jiananatman", "action_flag": 1, "change_message": "[{\"added\": {}}]"}}, {"model": "admin.logentry", "pk": 68, "fields": {"action_time": "2019-05-21T14:30:38.205Z", "user": 1, "content_type": 10, "object_id": "6", "object_repr": "Jyotsna", "action_flag": 1, "change_message": "[{\"added\": {}}]"}}, {"model": "admin.logentry", "pk": 69, "fields": {"action_time": "2019-05-21T14:30:50.651Z", "user": 1, "content_type": 10, "object_id": "7", "object_repr": "Satya_Latrobe", "action_flag": 1, "change_message": "[{\"added\": {}}]"}}, {"model": "admin.logentry", "pk": 70, "fields": {"action_time": "2019-05-21T14:32:18.924Z", "user": 1, "content_type": 11, "object_id": "11", "object_repr": "Song object (11)", "action_flag": 1, "change_message": "[{\"added\": {}}]"}}, {"model": "admin.logentry", "pk": 71, "fields": {"action_time": "2019-05-21T14:33:38.692Z", "user": 1, "content_type": 11, "object_id": "12", "object_repr": "Song object (12)", "action_flag": 1, "change_message": "[{\"added\": {}}]"}}, {"model": "admin.logentry", "pk": 72, "fields": {"action_time": "2019-05-21T14:34:58.987Z", "user": 1, "content_type": 11, "object_id": "13", "object_repr": "Song object (13)", "action_flag": 1, "change_message": "[{\"added\": {}}]"}}, {"model": "admin.logentry", "pk": 73, "fields": {"action_time": "2019-05-21T14:35:49.236Z", "user": 1, "content_type": 11, "object_id": "14", "object_repr": "Song object (14)", "action_flag": 1, "change_message": "[{\"added\": {}}]"}}, {"model": "admin.logentry", "pk": 74, "fields": {"action_time": "2019-05-21T14:37:29.479Z", "user": 1, "content_type": 11, "object_id": "15", "object_repr": "Song object (15)", "action_flag": 1, "change_message": "[{\"added\": {}}]"}}, {"model": "admin.logentry", "pk": 75, "fields": {"action_time": "2019-05-21T14:40:15.458Z", "user": 1, "content_type": 11, "object_id": "16", "object_repr": "Song object (16)", "action_flag": 1, "change_message": "[{\"added\": {}}]"}}, {"model": "admin.logentry", "pk": 76, "fields": {"action_time": "2019-05-21T14:42:02.769Z", "user": 1, "content_type": 11, "object_id": "17", "object_repr": "Song object (17)", "action_flag": 1, "change_message": "[{\"added\": {}}]"}}, {"model": "admin.logentry", "pk": 77, "fields": {"action_time": "2019-05-21T14:42:30.533Z", "user": 1, "content_type": 8, "object_id": "99", "object_repr": "ChordIndex object (99)", "action_flag": 1, "change_message": "[{\"added\": {}}]"}}, {"model": "admin.logentry", "pk": 78, "fields": {"action_time": "2019-05-21T14:43:00.841Z", "user": 1, "content_type": 7, "object_id": "40", "object_repr": "Chord object (40)", "action_flag": 1, "change_message": "[{\"added\": {}}]"}}, {"model": "admin.logentry", "pk": 79, "fields": {"action_time": "2019-05-21T14:43:18.018Z", "user": 1, "content_type": 8, "object_id": "100", "object_repr": "ChordIndex object (100)", "action_flag": 1, "change_message": "[{\"added\": {}}]"}}, {"model": "admin.logentry", "pk": 80, "fields": {"action_time": "2019-05-21T14:43:23.529Z", "user": 1, "content_type": 8, "object_id": "101", "object_repr": "ChordIndex object (101)", "action_flag": 1, "change_message": "[{\"added\": {}}]"}}, {"model": "admin.logentry", "pk": 81, "fields": {"action_time": "2019-05-21T14:43:30.126Z", "user": 1, "content_type": 8, "object_id": "102", "object_repr": "ChordIndex object (102)", "action_flag": 1, "change_message": "[{\"added\": {}}]"}}, {"model": "admin.logentry", "pk": 82, "fields": {"action_time": "2019-05-21T14:43:38.380Z", "user": 1, "content_type": 8, "object_id": "103", "object_repr": "ChordIndex object (103)", "action_flag": 1, "change_message": "[{\"added\": {}}]"}}, {"model": "admin.logentry", "pk": 83, "fields": {"action_time": "2019-05-21T14:43:43.732Z", "user": 1, "content_type": 8, "object_id": "104", "object_repr": "ChordIndex object (104)", "action_flag": 1, "change_message": "[{\"added\": {}}]"}}, {"model": "admin.logentry", "pk": 84, "fields": {"action_time": "2019-05-21T14:43:48.300Z", "user": 1, "content_type": 8, "object_id": "105", "object_repr": "ChordIndex object (105)", "action_flag": 1, "change_message": "[{\"added\": {}}]"}}, {"model": "admin.logentry", "pk": 85, "fields": {"action_time": "2019-05-21T14:43:56.245Z", "user": 1, "content_type": 8, "object_id": "106", "object_repr": "ChordIndex object (106)", "action_flag": 1, "change_message": "[{\"added\": {}}]"}}, {"model": "admin.logentry", "pk": 86, "fields": {"action_time": "2019-05-21T14:44:00.880Z", "user": 1, "content_type": 8, "object_id": "107", "object_repr": "ChordIndex object (107)", "action_flag": 1, "change_message": "[{\"added\": {}}]"}}, {"model": "admin.logentry", "pk": 87, "fields": {"action_time": "2019-05-21T14:44:05.089Z", "user": 1, "content_type": 8, "object_id": "108", "object_repr": "ChordIndex object (108)", "action_flag": 1, "change_message": "[{\"added\": {}}]"}}, {"model": "admin.logentry", "pk": 88, "fields": {"action_time": "2019-05-21T14:44:10.139Z", "user": 1, "content_type": 8, "object_id": "109", "object_repr": "ChordIndex object (109)", "action_flag": 1, "change_message": "[{\"added\": {}}]"}}, {"model": "admin.logentry", "pk": 89, "fields": {"action_time": "2019-05-21T14:44:14.675Z", "user": 1, "content_type": 8, "object_id": "110", "object_repr": "ChordIndex object (110)", "action_flag": 1, "change_message": "[{\"added\": {}}]"}}, {"model": "admin.logentry", "pk": 90, "fields": {"action_time": "2019-05-21T14:44:21.702Z", "user": 1, "content_type": 8, "object_id": "111", "object_repr": "ChordIndex object (111)", "action_flag": 1, "change_message": "[{\"added\": {}}]"}}, {"model": "admin.logentry", "pk": 91, "fields": {"action_time": "2019-05-21T14:44:27.907Z", "user": 1, "content_type": 8, "object_id": "112", "object_repr": "ChordIndex object (112)", "action_flag": 1, "change_message": "[{\"added\": {}}]"}}, {"model": "admin.logentry", "pk": 92, "fields": {"action_time": "2019-05-21T14:44:36.080Z", "user": 1, "content_type": 8, "object_id": "113", "object_repr": "ChordIndex object (113)", "action_flag": 1, "change_message": "[{\"added\": {}}]"}}, {"model": "admin.logentry", "pk": 93, "fields": {"action_time": "2019-05-21T14:44:42.477Z", "user": 1, "content_type": 8, "object_id": "114", "object_repr": "ChordIndex object (114)", "action_flag": 1, "change_message": "[{\"added\": {}}]"}}, {"model": "admin.logentry", "pk": 94, "fields": {"action_time": "2019-05-21T14:44:49.976Z", "user": 1, "content_type": 8, "object_id": "115", "object_repr": "ChordIndex object (115)", "action_flag": 1, "change_message": "[{\"added\": {}}]"}}, {"model": "admin.logentry", "pk": 95, "fields": {"action_time": "2019-05-21T14:44:56.011Z", "user": 1, "content_type": 8, "object_id": "116", "object_repr": "ChordIndex object (116)", "action_flag": 1, "change_message": "[{\"added\": {}}]"}}, {"model": "admin.logentry", "pk": 96, "fields": {"action_time": "2019-05-21T14:45:02.415Z", "user": 1, "content_type": 8, "object_id": "117", "object_repr": "ChordIndex object (117)", "action_flag": 1, "change_message": "[{\"added\": {}}]"}}, {"model": "admin.logentry", "pk": 97, "fields": {"action_time": "2019-05-21T14:45:06.908Z", "user": 1, "content_type": 8, "object_id": "118", "object_repr": "ChordIndex object (118)", "action_flag": 1, "change_message": "[{\"added\": {}}]"}}, {"model": "admin.logentry", "pk": 98, "fields": {"action_time": "2019-05-21T14:45:13.029Z", "user": 1, "content_type": 8, "object_id": "119", "object_repr": "ChordIndex object (119)", "action_flag": 1, "change_message": "[{\"added\": {}}]"}}, {"model": "admin.logentry", "pk": 99, "fields": {"action_time": "2019-05-21T14:45:17.548Z", "user": 1, "content_type": 8, "object_id": "120", "object_repr": "ChordIndex object (120)", "action_flag": 1, "change_message": "[{\"added\": {}}]"}}, {"model": "admin.logentry", "pk": 100, "fields": {"action_time": "2019-05-21T14:45:24.034Z", "user": 1, "content_type": 8, "object_id": "121", "object_repr": "ChordIndex object (121)", "action_flag": 1, "change_message": "[{\"added\": {}}]"}}, {"model": "admin.logentry", "pk": 101, "fields": {"action_time": "2019-05-21T14:45:28.559Z", "user": 1, "content_type": 8, "object_id": "122", "object_repr": "ChordIndex object (122)", "action_flag": 1, "change_message": "[{\"added\": {}}]"}}, {"model": "admin.logentry", "pk": 102, "fields": {"action_time": "2019-05-21T14:45:33.216Z", "user": 1, "content_type": 8, "object_id": "123", "object_repr": "ChordIndex object (123)", "action_flag": 1, "change_message": "[{\"added\": {}}]"}}, {"model": "admin.logentry", "pk": 103, "fields": {"action_time": "2019-05-21T14:45:38.384Z", "user": 1, "content_type": 8, "object_id": "124", "object_repr": "ChordIndex object (124)", "action_flag": 1, "change_message": "[{\"added\": {}}]"}}, {"model": "admin.logentry", "pk": 104, "fields": {"action_time": "2019-05-21T14:45:42.989Z", "user": 1, "content_type": 8, "object_id": "125", "object_repr": "ChordIndex object (125)", "action_flag": 1, "change_message": "[{\"added\": {}}]"}}, {"model": "admin.logentry", "pk": 105, "fields": {"action_time": "2019-05-21T14:45:47.739Z", "user": 1, "content_type": 8, "object_id": "126", "object_repr": "ChordIndex object (126)", "action_flag": 1, "change_message": "[{\"added\": {}}]"}}, {"model": "admin.logentry", "pk": 106, "fields": {"action_time": "2019-05-21T14:45:54.330Z", "user": 1, "content_type": 8, "object_id": "127", "object_repr": "ChordIndex object (127)", "action_flag": 1, "change_message": "[{\"added\": {}}]"}}, {"model": "admin.logentry", "pk": 107, "fields": {"action_time": "2019-05-21T14:45:59.147Z", "user": 1, "content_type": 8, "object_id": "128", "object_repr": "ChordIndex object (128)", "action_flag": 1, "change_message": "[{\"added\": {}}]"}}, {"model": "admin.logentry", "pk": 108, "fields": {"action_time": "2019-05-21T14:46:03.080Z", "user": 1, "content_type": 8, "object_id": "129", "object_repr": "ChordIndex object (129)", "action_flag": 1, "change_message": "[{\"added\": {}}]"}}, {"model": "admin.logentry", "pk": 109, "fields": {"action_time": "2019-05-21T14:46:08.079Z", "user": 1, "content_type": 8, "object_id": "130", "object_repr": "ChordIndex object (130)", "action_flag": 1, "change_message": "[{\"added\": {}}]"}}, {"model": "admin.logentry", "pk": 110, "fields": {"action_time": "2019-05-21T14:46:15.386Z", "user": 1, "content_type": 8, "object_id": "131", "object_repr": "ChordIndex object (131)", "action_flag": 1, "change_message": "[{\"added\": {}}]"}}, {"model": "admin.logentry", "pk": 111, "fields": {"action_time": "2019-05-21T14:46:21.011Z", "user": 1, "content_type": 8, "object_id": "132", "object_repr": "ChordIndex object (132)", "action_flag": 1, "change_message": "[{\"added\": {}}]"}}, {"model": "admin.logentry", "pk": 112, "fields": {"action_time": "2019-05-21T14:46:26.171Z", "user": 1, "content_type": 8, "object_id": "133", "object_repr": "ChordIndex object (133)", "action_flag": 1, "change_message": "[{\"added\": {}}]"}}, {"model": "admin.logentry", "pk": 113, "fields": {"action_time": "2019-05-21T14:46:31.562Z", "user": 1, "content_type": 8, "object_id": "134", "object_repr": "ChordIndex object (134)", "action_flag": 1, "change_message": "[{\"added\": {}}]"}}, {"model": "admin.logentry", "pk": 114, "fields": {"action_time": "2019-05-21T14:46:36.831Z", "user": 1, "content_type": 8, "object_id": "135", "object_repr": "ChordIndex object (135)", "action_flag": 1, "change_message": "[{\"added\": {}}]"}}, {"model": "admin.logentry", "pk": 115, "fields": {"action_time": "2019-05-21T14:46:41.894Z", "user": 1, "content_type": 8, "object_id": "136", "object_repr": "ChordIndex object (136)", "action_flag": 1, "change_message": "[{\"added\": {}}]"}}, {"model": "admin.logentry", "pk": 116, "fields": {"action_time": "2019-05-21T14:46:46.620Z", "user": 1, "content_type": 8, "object_id": "137", "object_repr": "ChordIndex object (137)", "action_flag": 1, "change_message": "[{\"added\": {}}]"}}, {"model": "admin.logentry", "pk": 117, "fields": {"action_time": "2019-05-21T14:46:52.734Z", "user": 1, "content_type": 8, "object_id": "138", "object_repr": "ChordIndex object (138)", "action_flag": 1, "change_message": "[{\"added\": {}}]"}}, {"model": "admin.logentry", "pk": 118, "fields": {"action_time": "2019-05-21T14:46:57.455Z", "user": 1, "content_type": 8, "object_id": "139", "object_repr": "ChordIndex object (139)", "action_flag": 1, "change_message": "[{\"added\": {}}]"}}, {"model": "admin.logentry", "pk": 119, "fields": {"action_time": "2019-05-21T14:47:02.536Z", "user": 1, "content_type": 8, "object_id": "140", "object_repr": "ChordIndex object (140)", "action_flag": 1, "change_message": "[{\"added\": {}}]"}}, {"model": "admin.logentry", "pk": 120, "fields": {"action_time": "2019-05-21T14:47:15.311Z", "user": 1, "content_type": 8, "object_id": "141", "object_repr": "ChordIndex object (141)", "action_flag": 1, "change_message": "[{\"added\": {}}]"}}, {"model": "admin.logentry", "pk": 121, "fields": {"action_time": "2019-05-21T14:47:19.712Z", "user": 1, "content_type": 8, "object_id": "142", "object_repr": "ChordIndex object (142)", "action_flag": 1, "change_message": "[{\"added\": {}}]"}}, {"model": "admin.logentry", "pk": 122, "fields": {"action_time": "2019-05-21T14:47:24.523Z", "user": 1, "content_type": 8, "object_id": "143", "object_repr": "ChordIndex object (143)", "action_flag": 1, "change_message": "[{\"added\": {}}]"}}, {"model": "admin.logentry", "pk": 123, "fields": {"action_time": "2019-05-21T14:47:28.510Z", "user": 1, "content_type": 8, "object_id": "144", "object_repr": "ChordIndex object (144)", "action_flag": 1, "change_message": "[{\"added\": {}}]"}}, {"model": "admin.logentry", "pk": 124, "fields": {"action_time": "2019-05-21T14:47:33.367Z", "user": 1, "content_type": 8, "object_id": "145", "object_repr": "ChordIndex object (145)", "action_flag": 1, "change_message": "[{\"added\": {}}]"}}, {"model": "admin.logentry", "pk": 125, "fields": {"action_time": "2019-11-12T12:39:17.775Z", "user": 1, "content_type": 11, "object_id": "10002", "object_repr": "Song object (10002)", "action_flag": 3, "change_message": ""}}, {"model": "admin.logentry", "pk": 126, "fields": {"action_time": "2019-11-12T12:39:17.777Z", "user": 1, "content_type": 11, "object_id": "10001", "object_repr": "Song object (10001)", "action_flag": 3, "change_message": ""}}, {"model": "admin.logentry", "pk": 127, "fields": {"action_time": "2019-11-12T12:39:17.780Z", "user": 1, "content_type": 11, "object_id": "10000", "object_repr": "Song object (10000)", "action_flag": 3, "change_message": ""}}, {"model": "admin.logentry", "pk": 128, "fields": {"action_time": "2019-11-12T12:39:17.781Z", "user": 1, "content_type": 11, "object_id": "1001", "object_repr": "Song object (1001)", "action_flag": 3, "change_message": ""}}, {"model": "admin.logentry", "pk": 129, "fields": {"action_time": "2019-11-12T12:39:17.783Z", "user": 1, "content_type": 11, "object_id": "1000", "object_repr": "Song object (1000)", "action_flag": 3, "change_message": ""}}, {"model": "admin.logentry", "pk": 130, "fields": {"action_time": "2019-11-12T12:42:10.072Z", "user": 1, "content_type": 11, "object_id": "1", "object_repr": "Song object (1)", "action_flag": 3, "change_message": ""}}, {"model": "admin.logentry", "pk": 131, "fields": {"action_time": "2019-11-12T15:56:34.296Z", "user": 1, "content_type": 13, "object_id": "1", "object_repr": "Comment object (1)", "action_flag": 1, "change_message": "[{\"added\": {}}]"}}, {"model": "admin.logentry", "pk": 132, "fields": {"action_time": "2019-11-12T15:56:51.584Z", "user": 1, "content_type": 13, "object_id": "2", "object_repr": "Comment object (2)", "action_flag": 1, "change_message": "[{\"added\": {}}]"}}, {"model": "admin.logentry", "pk": 133, "fields": {"action_time": "2019-11-12T15:57:09.755Z", "user": 1, "content_type": 13, "object_id": "3", "object_repr": "Comment object (3)", "action_flag": 1, "change_message": "[{\"added\": {}}]"}}]